-- MySQL Script generated by MySQL Workbench
-- Sat Aug 20 19:19:53 2022
-- Model: New Model    Version: 1.0
-- MySQL Workbench Forward Engineering

SET @OLD_UNIQUE_CHECKS=@@UNIQUE_CHECKS, UNIQUE_CHECKS=0;
SET @OLD_FOREIGN_KEY_CHECKS=@@FOREIGN_KEY_CHECKS, FOREIGN_KEY_CHECKS=0;
SET @OLD_SQL_MODE=@@SQL_MODE, SQL_MODE='ONLY_FULL_GROUP_BY,STRICT_TRANS_TABLES,NO_ZERO_IN_DATE,NO_ZERO_DATE,ERROR_FOR_DIVISION_BY_ZERO,NO_ENGINE_SUBSTITUTION';

-- -----------------------------------------------------
-- Schema Cosmetic_Website
-- -----------------------------------------------------
DROP SCHEMA IF EXISTS `Cosmetic_Website` ;

-- -----------------------------------------------------
-- Schema Cosmetic_Website
-- -----------------------------------------------------
CREATE SCHEMA IF NOT EXISTS `Cosmetic_Website` DEFAULT CHARACTER SET utf8 ;
USE `Cosmetic_Website` ;

-- -----------------------------------------------------
-- Table `Cosmetic_Website`.`Category`
-- -----------------------------------------------------
DROP TABLE IF EXISTS `Cosmetic_Website`.`Category` ;

CREATE TABLE IF NOT EXISTS `Cosmetic_Website`.`Category` (
  `id` INT NOT NULL AUTO_INCREMENT COMMENT 'Category_ID',
  `name` VARCHAR(60) NOT NULL COMMENT 'Category_name',
  `code` VARCHAR(60) NULL,
  PRIMARY KEY (`id`))
ENGINE = InnoDB;


-- -----------------------------------------------------
-- Table `Cosmetic_Website`.`Branch`
-- -----------------------------------------------------
DROP TABLE IF EXISTS `Cosmetic_Website`.`Branch` ;

CREATE TABLE IF NOT EXISTS `Cosmetic_Website`.`Branch` (
  `id` INT NOT NULL AUTO_INCREMENT COMMENT 'ID_Branch',
  `name` VARCHAR(45) NOT NULL COMMENT 'Brach_Name',
  `code` VARCHAR(45) NULL,
  `logo` VARCHAR(100) NOT NULL DEFAULT 'no-image.jpg',
  PRIMARY KEY (`id`))
ENGINE = InnoDB;


-- -----------------------------------------------------
-- Table `Cosmetic_Website`.`Tags`
-- -----------------------------------------------------
DROP TABLE IF EXISTS `Cosmetic_Website`.`Tags` ;

CREATE TABLE IF NOT EXISTS `Cosmetic_Website`.`Tags` (
  `id` INT NOT NULL AUTO_INCREMENT,
  `name` VARCHAR(45) NOT NULL COMMENT 'key_tags',
  `code` VARCHAR(45) NULL,
  PRIMARY KEY (`id`))
ENGINE = InnoDB;


-- -----------------------------------------------------
-- Table `Cosmetic_Website`.`Users`
-- -----------------------------------------------------
DROP TABLE IF EXISTS `Cosmetic_Website`.`Users` ;

CREATE TABLE IF NOT EXISTS `Cosmetic_Website`.`Users` (
  `id` INT NOT NULL AUTO_INCREMENT,
  `username` VARCHAR(100) NOT NULL,
  `author_key` VARCHAR(100) NOT NULL,
  `password_hash` VARCHAR(100) NOT NULL,
  `password_reset_token` VARCHAR(100) NULL,
  `email` VARCHAR(45) NULL,
  `status` INT NOT NULL DEFAULT 0,
  `created_at` DATE NOT NULL,
  `updated_at` DATE NOT NULL,
  `role` ENUM('Customer', 'admin', 'manager') NOT NULL DEFAULT 'Customer',
  PRIMARY KEY (`id`))
ENGINE = InnoDB;


-- -----------------------------------------------------
-- Table `Cosmetic_Website`.`Products`
-- -----------------------------------------------------
DROP TABLE IF EXISTS `Cosmetic_Website`.`Products` ;

CREATE TABLE IF NOT EXISTS `Cosmetic_Website`.`Products` (
  `id` INT NOT NULL AUTO_INCREMENT,
  `name` VARCHAR(150) NOT NULL,
  `code` VARCHAR(150) NULL,
  `sumary-description` VARCHAR(400) NULL,
  `detail-description` TEXT NULL,
  `Best-seller` TINYINT NOT NULL DEFAULT 0,
  `Feature` TINYINT NOT NULL DEFAULT 0,
  `new-arrival` TINYINT NOT NULL DEFAULT 0,
  `price_for_sell` DOUBLE NOT NULL,
  `price_comparation` DOUBLE NOT NULL,
  `image_representative` VARCHAR(100) NOT NULL DEFAULT 'no-image.jpg',
  `date_post` DATETIME NOT NULL,
  `date_edit` DATETIME NOT NULL,
  `Branch_id` INT NOT NULL,
  `Creater_id` INT NOT NULL,
  `Editer_id` INT NOT NULL,
  PRIMARY KEY (`id`),
  INDEX `fk_Products_Branch_idx` (`Branch_id` ASC) VISIBLE,
  INDEX `fk_Products_Users1_idx` (`Creater_id` ASC) VISIBLE,
  INDEX `fk_Products_Users2_idx` (`Editer_id` ASC) VISIBLE,
  CONSTRAINT `fk_Products_Branch`
    FOREIGN KEY (`Branch_id`)
    REFERENCES `Cosmetic_Website`.`Branch` (`id`)
    ON DELETE NO ACTION
    ON UPDATE NO ACTION,
  CONSTRAINT `fk_Products_Users1`
    FOREIGN KEY (`Creater_id`)
    REFERENCES `Cosmetic_Website`.`Users` (`id`)
    ON DELETE NO ACTION
    ON UPDATE NO ACTION,
  CONSTRAINT `fk_Products_Users2`
    FOREIGN KEY (`Editer_id`)
    REFERENCES `Cosmetic_Website`.`Users` (`id`)
    ON DELETE NO ACTION
    ON UPDATE NO ACTION)
ENGINE = InnoDB;


-- -----------------------------------------------------
-- Table `Cosmetic_Website`.`Category_Products`
-- -----------------------------------------------------
DROP TABLE IF EXISTS `Cosmetic_Website`.`Category_Products` ;

CREATE TABLE IF NOT EXISTS `Cosmetic_Website`.`Category_Products` (
  `id` INT NOT NULL AUTO_INCREMENT,
  `Category_id` INT NOT NULL,
  `Products_id` INT NOT NULL,
  PRIMARY KEY (`id`),
  INDEX `fk_Category_Products_Category1_idx` (`Category_id` ASC) VISIBLE,
  INDEX `fk_Category_Products_Products1_idx` (`Products_id` ASC) VISIBLE,
  CONSTRAINT `fk_Category_Products_Category1`
    FOREIGN KEY (`Category_id`)
    REFERENCES `Cosmetic_Website`.`Category` (`id`)
    ON DELETE NO ACTION
    ON UPDATE NO ACTION,
  CONSTRAINT `fk_Category_Products_Products1`
    FOREIGN KEY (`Products_id`)
    REFERENCES `Cosmetic_Website`.`Products` (`id`)
    ON DELETE NO ACTION
    ON UPDATE NO ACTION)
ENGINE = InnoDB;


-- -----------------------------------------------------
-- Table `Cosmetic_Website`.`Tags_Products`
-- -----------------------------------------------------
DROP TABLE IF EXISTS `Cosmetic_Website`.`Tags_Products` ;

CREATE TABLE IF NOT EXISTS `Cosmetic_Website`.`Tags_Products` (
  `id` INT NOT NULL AUTO_INCREMENT,
  `Tags_id` INT NOT NULL,
  `Products_id` INT NOT NULL,
  PRIMARY KEY (`id`),
  INDEX `fk_Tags_Products_Tags1_idx` (`Tags_id` ASC) VISIBLE,
  INDEX `fk_Tags_Products_Products1_idx` (`Products_id` ASC) VISIBLE,
  CONSTRAINT `fk_Tags_Products_Tags1`
    FOREIGN KEY (`Tags_id`)
    REFERENCES `Cosmetic_Website`.`Tags` (`id`)
    ON DELETE NO ACTION
    ON UPDATE NO ACTION,
  CONSTRAINT `fk_Tags_Products_Products1`
    FOREIGN KEY (`Products_id`)
    REFERENCES `Cosmetic_Website`.`Products` (`id`)
    ON DELETE NO ACTION
    ON UPDATE NO ACTION)
ENGINE = InnoDB;


-- -----------------------------------------------------
-- Table `Cosmetic_Website`.`ImagesProducts`
-- -----------------------------------------------------
DROP TABLE IF EXISTS `Cosmetic_Website`.`ImagesProducts` ;

CREATE TABLE IF NOT EXISTS `Cosmetic_Website`.`ImagesProducts` (
  `id` INT NOT NULL AUTO_INCREMENT,
  `file` VARCHAR(100) NOT NULL,
  `Products_id` INT NOT NULL,
  PRIMARY KEY (`id`),
  INDEX `fk_ImagesProducts_Products1_idx` (`Products_id` ASC) VISIBLE,
  CONSTRAINT `fk_ImagesProducts_Products1`
    FOREIGN KEY (`Products_id`)
    REFERENCES `Cosmetic_Website`.`Products` (`id`)
    ON DELETE NO ACTION
    ON UPDATE NO ACTION)
ENGINE = InnoDB;


-- -----------------------------------------------------
-- Table `Cosmetic_Website`.`SizesProduct`
-- -----------------------------------------------------
DROP TABLE IF EXISTS `Cosmetic_Website`.`SizesProduct` ;

CREATE TABLE IF NOT EXISTS `Cosmetic_Website`.`SizesProduct` (
  `id` INT NOT NULL AUTO_INCREMENT,
  `size` INT NOT NULL,
  `Products_id` INT NOT NULL,
  PRIMARY KEY (`id`),
  INDEX `fk_Sizes_Products1_idx` (`Products_id` ASC) VISIBLE,
  CONSTRAINT `fk_Sizes_Products1`
    FOREIGN KEY (`Products_id`)
    REFERENCES `Cosmetic_Website`.`Products` (`id`)
    ON DELETE NO ACTION
    ON UPDATE NO ACTION)
ENGINE = InnoDB;


-- -----------------------------------------------------
-- Table `Cosmetic_Website`.`ColorsofProduct`
-- -----------------------------------------------------
DROP TABLE IF EXISTS `Cosmetic_Website`.`ColorsofProduct` ;

CREATE TABLE IF NOT EXISTS `Cosmetic_Website`.`ColorsofProduct` (
  `id` INT NOT NULL AUTO_INCREMENT,
  `color` VARCHAR(45) NOT NULL,
  `Products_id` INT NOT NULL,
  PRIMARY KEY (`id`),
  INDEX `fk_ColorsofProduct_Products1_idx` (`Products_id` ASC) VISIBLE,
  CONSTRAINT `fk_ColorsofProduct_Products1`
    FOREIGN KEY (`Products_id`)
    REFERENCES `Cosmetic_Website`.`Products` (`id`)
    ON DELETE NO ACTION
    ON UPDATE NO ACTION)
ENGINE = InnoDB;


-- -----------------------------------------------------
-- Table `Cosmetic_Website`.`Sliders`
-- -----------------------------------------------------
DROP TABLE IF EXISTS `Cosmetic_Website`.`Sliders` ;

CREATE TABLE IF NOT EXISTS `Cosmetic_Website`.`Sliders` (
  `id` INT NOT NULL AUTO_INCREMENT,
  `caption` VARCHAR(100) NOT NULL COMMENT 'Event for the discount period',
  `sumary` VARCHAR(300) NULL COMMENT 'Sumary',
  `link` VARCHAR(100) NULL COMMENT 'link of group product page event',
  PRIMARY KEY (`id`))
ENGINE = InnoDB;


-- -----------------------------------------------------
-- Table `Cosmetic_Website`.`image`
-- -----------------------------------------------------
DROP TABLE IF EXISTS `Cosmetic_Website`.`image` ;

CREATE TABLE IF NOT EXISTS `Cosmetic_Website`.`image` (
  `id` INT NOT NULL AUTO_INCREMENT,
  `file` VARCHAR(100) NOT NULL,
  `Sliders_id` INT NOT NULL,
  PRIMARY KEY (`id`),
  INDEX `fk_image_Sliders1_idx` (`Sliders_id` ASC) VISIBLE,
  CONSTRAINT `fk_image_Sliders1`
    FOREIGN KEY (`Sliders_id`)
    REFERENCES `Cosmetic_Website`.`Sliders` (`id`)
    ON DELETE NO ACTION
    ON UPDATE NO ACTION)
ENGINE = InnoDB;


-- -----------------------------------------------------
-- Table `Cosmetic_Website`.`Orders`
-- -----------------------------------------------------
DROP TABLE IF EXISTS `Cosmetic_Website`.`Orders` ;

CREATE TABLE IF NOT EXISTS `Cosmetic_Website`.`Orders` (
  `id` INT NOT NULL AUTO_INCREMENT,
  `order_date` DATETIME NOT NULL,
  `total_due` DOUBLE NOT NULL,
  `note` VARCHAR(500) NULL COMMENT 'note for order',
  `shipping_fee` DOUBLE NOT NULL DEFAULT 0,
  `VAT` DOUBLE NOT NULL DEFAULT 0,
  `Discount` DOUBLE NULL,
  `Type_of_Discount` ENUM('cash', 'TT') NOT NULL DEFAULT 'cash',
  `Status` ENUM('processing', 'delivering', 'completed', 'cancel') NOT NULL DEFAULT 'processing',
  `Customers_id` INT NOT NULL,
  `Reason_of_Cancel` VARCHAR(45) NULL,
  `Total_quantity` INT NOT NULL DEFAULT 0,
  `Customer_Name` VARCHAR(60) NOT NULL,
  `Phone_Number` VARCHAR(10) NOT NULL,
  `email` VARCHAR(45) NULL,
  `Order_Address` VARCHAR(200) NOT NULL,
  PRIMARY KEY (`id`),
  INDEX `fk_Orders_Customers1_idx` (`Customers_id` ASC) VISIBLE,
  CONSTRAINT `fk_Orders_Customers1`
    FOREIGN KEY (`Customers_id`)
    REFERENCES `Cosmetic_Website`.`Users` (`id`)
    ON DELETE NO ACTION
    ON UPDATE NO ACTION)
ENGINE = InnoDB;


-- -----------------------------------------------------
-- Table `Cosmetic_Website`.`User_Address`
-- -----------------------------------------------------
DROP TABLE IF EXISTS `Cosmetic_Website`.`User_Address` ;

CREATE TABLE IF NOT EXISTS `Cosmetic_Website`.`User_Address` (
  `id` INT NOT NULL AUTO_INCREMENT,
  `Address` VARCHAR(300) NOT NULL,
  `Customers_id` INT NOT NULL,
  PRIMARY KEY (`id`),
  INDEX `fk_Customer_Address_Customers1_idx` (`Customers_id` ASC) VISIBLE,
  CONSTRAINT `fk_Customer_Address_Customers1`
    FOREIGN KEY (`Customers_id`)
    REFERENCES `Cosmetic_Website`.`Users` (`id`)
    ON DELETE NO ACTION
    ON UPDATE NO ACTION)
ENGINE = InnoDB;


-- -----------------------------------------------------
-- Table `Cosmetic_Website`.`Payment_Mode`
-- -----------------------------------------------------
DROP TABLE IF EXISTS `Cosmetic_Website`.`Payment_Mode` ;

CREATE TABLE IF NOT EXISTS `Cosmetic_Website`.`Payment_Mode` (
  `id` INT NOT NULL AUTO_INCREMENT,
  `Payment_Mode` ENUM('Cash', 'Credit_card', 'momo', 'zalopay') NOT NULL DEFAULT 'cash',
  `Orders_id` INT NOT NULL,
  PRIMARY KEY (`id`),
  INDEX `fk_Payment_Mode_Orders1_idx` (`Orders_id` ASC) VISIBLE,
  CONSTRAINT `fk_Payment_Mode_Orders1`
    FOREIGN KEY (`Orders_id`)
    REFERENCES `Cosmetic_Website`.`Orders` (`id`)
    ON DELETE NO ACTION
    ON UPDATE NO ACTION)
ENGINE = InnoDB;


-- -----------------------------------------------------
-- Table `Cosmetic_Website`.`OrdersDetail`
-- -----------------------------------------------------
DROP TABLE IF EXISTS `Cosmetic_Website`.`OrdersDetail` ;

CREATE TABLE IF NOT EXISTS `Cosmetic_Website`.`OrdersDetail` (
  `id` INT NOT NULL AUTO_INCREMENT,
  `quantity` INT NOT NULL,
  `Price` DOUBLE NOT NULL,
  `Orders_id` INT NOT NULL,
  `Products_id` INT NOT NULL,
  PRIMARY KEY (`id`),
  INDEX `fk_OrdersDetail_Orders1_idx` (`Orders_id` ASC) VISIBLE,
  INDEX `fk_OrdersDetail_Products1_idx` (`Products_id` ASC) VISIBLE,
  CONSTRAINT `fk_OrdersDetail_Orders1`
    FOREIGN KEY (`Orders_id`)
    REFERENCES `Cosmetic_Website`.`Orders` (`id`)
    ON DELETE NO ACTION
    ON UPDATE NO ACTION,
  CONSTRAINT `fk_OrdersDetail_Products1`
    FOREIGN KEY (`Products_id`)
    REFERENCES `Cosmetic_Website`.`Products` (`id`)
    ON DELETE NO ACTION
    ON UPDATE NO ACTION)
ENGINE = InnoDB;


-- -----------------------------------------------------
-- Table `Cosmetic_Website`.`Role`
-- -----------------------------------------------------
DROP TABLE IF EXISTS `Cosmetic_Website`.`Role` ;

CREATE TABLE IF NOT EXISTS `Cosmetic_Website`.`Role` (
  `id` INT NOT NULL,
  `role` VARCHAR(45) NULL,
  `Users_id` INT NOT NULL,
  PRIMARY KEY (`id`),
  INDEX `fk_Role_Users1_idx` (`Users_id` ASC) VISIBLE,
  CONSTRAINT `fk_Role_Users1`
    FOREIGN KEY (`Users_id`)
    REFERENCES `Cosmetic_Website`.`Users` (`id`)
    ON DELETE NO ACTION
    ON UPDATE NO ACTION)
ENGINE = InnoDB;


SET SQL_MODE=@OLD_SQL_MODE;
SET FOREIGN_KEY_CHECKS=@OLD_FOREIGN_KEY_CHECKS;
SET UNIQUE_CHECKS=@OLD_UNIQUE_CHECKS;

insert into category values (1,'My_Pham','My_Pham'),
(2,'Cham_Soc_Da_Mat','Cham_Soc_Da_Mat'),
(3,'Cham_Soc_Toc','Cham_Soc_Toc'),
(4,'Cham_Soc_Co_The','Cham_Soc_Co_The'),
(5,'Nuoc_Hoa','Nuoc_Hoa'),
(6,'Thuc_Pham_Chuc_Nang','Thuc_Pham_Chuc_Nang'),
(7,'Hot_Deal','Hot_Deal'),
(8,'Thuong_Hieu','Thuong_Hieu'),
(9,'Best_Seller','Best_Seller'),
(10,'Dich_Vu_Phong_Kham','Dich_Vu_Phong_Kham');

insert into branch values (1,'INNISFREE','INNISFREE','no-image.jpg'),
(2,'LANEIGE','LANEIGE','no-image.jpg'),
(3,'AHC','AHC','no-image.jpg'),
(4,'DEAR KLAIRS','DEAR KLAIRS','no-image.jpg'),
(5,'MAMONDE','MAMONDE','no-image.jpg'),
(6,'LA ROCHE-POSAY','LA ROCHE-POSAY','no-image.jpg'),
(7,'THE BODY SHOP','THE BODY SHOP','no-image.jpg'),
(8,'KIEHL’S','KIEHL’S','no-image.jpg'),
(9,'MAYBELLINE','MAYBELLINE','no-image.jpg'),
(10,'L’ORÉAL','L’ORÉAL','no-image.jpg');

insert into users values (1,'Noami','Y2l2VaK1','JU3kKfi7','wUIKkl','nfaulder0@hatena.ne.jp','1','2022-01-09','2022-06-22','customer'),
(2,'Jasmin','vfO3SlibQlIK','CxOlaTC0xuD','0UfNSra','jsherred1@irs.gov','2','2022-07-04','2021-09-14','manager'),
(3,'Ebeneser','w283KoNIu','8otRd7Wzo','caW53zyia','eclemmens2@live.com','3','2022-05-10','2021-12-09','admin'),
(4,'Wenda','sqiJsvh0W0hn','PS8Zpd9elG','dDemcAbL','wyarrell3@shutterfly.com','4','2022-07-14','2022-06-10','customer'),
(5,'Fons','NrEzXjg','hUwf2BDEl','ev6kIIK6t','fmackniely4@addtoany.com','5','2022-04-13','2022-05-21','manager'),
(6,'Stanfield','H1iQiCh','oWblGVqUHY','y1dz3Wc','sbittlestone5@yelp.com','6','2022-04-16','2022-04-07','admin'),
(7,'Tracey','tlQ5Vl','yZiFee','fnKQQ4S','tclowley6@people.com.cn','7','2021-08-26','2022-02-23','customer'),
(8,'Wake','dIaYWfF','UfG39H9RZ8m','kwvMHfnOt','wbrunon7@arstechnica.com','8','2021-12-13','2022-08-02','manager'),
(9,'Elston','DWMaAd1h5','vCrRvM','Wq3PCAMHivyi','ekennefick8@trellian.com','9','2021-10-29','2021-10-03','admin'),
(10,'Tonia','9c9tMN2vT','gzhBh6XcUL7Z','5cP7CA','thawkslee9@vk.com','10','2022-08-07','2022-02-17','customer'),
(11,'Creight','WwgFrs4ma','C3ETTO','fNQMb8R','clickessa@rambler.ru','11','2021-10-26','2022-05-10','manager'),
(12,'Lindi','cNbxcMUOipW','L43RVIW3R8','D4ZbXyjS2m','lesposib@blogs.com','12','2021-12-25','2022-02-24','admin'),
(13,'Kalli','0LbZecF','ibjRvbt1','jyVzPpe4Cu','khoodlessc@abc.net.au','13','2021-11-21','2022-04-25','customer'),
(14,'Sloane','ulskn0J5ZF','8xZPHe0q','MHE1XHd6iBXM','sdorkensd@amazon.de','14','2022-03-12','2021-11-24','manager'),
(15,'Stephi','FltXO4FRZ','XYiVrfF','JVHYkwGgZS6','ssnoddine@1und1.de','15','2022-02-24','2022-06-30','admin'),
(16,'Ky','o26RlncH','kvwEtG63kW','dPx9mZ7uZ8C5','kwardleyf@miitbeian.gov.cn','16','2022-08-16','2021-10-31','customer'),
(17,'Felizio','vqU95jTz5TPL','S4bteA3Tnl4p','Db7zwy1vLY','fflynng@geocities.jp','17','2021-12-25','2022-02-20','manager'),
(18,'Eliot','m6b68Fe','nibjFAwwfzkZ','wYXYYHMqDX','elungeh@ezinearticles.com','18','2022-04-22','2022-05-23','admin'),
(19,'Paddie','BdcF9dRFoSb','77JOUoyNP','b7F5cRu','ppooli@craigslist.org','19','2021-09-25','2022-07-03','customer'),
(20,'Holly','AEFy4sM','UBaswL','pcwxJs2Xx','hdurantj@flavors.me','20','2022-05-19','2022-03-31','manager'),
(21,'Baxter','XDpBuIEIEn7l','cEj5YA2c','TgoHbyBiqpX','bhuytonk@myspace.com','21','2022-07-09','2022-01-26','admin'),
(22,'Rorie','PeTSiMeJxj','oJoYuFU','H002p5dH00dQ','rerdesl@imgur.com','22','2021-12-31','2021-12-17','customer'),
(23,'Meridel','zBdwlO3','kbImXLWB4','Rh7YVrTHyY','mcraufurdm@webs.com','23','2021-12-25','2022-03-30','manager'),
(24,'Rudy','DE2dyM8XKK8','5RhPDB','fQElrzc1','rsawern@addthis.com','24','2022-06-18','2021-10-23','admin'),
(25,'Egor','XzoI8Jn','13zHho','GSqwHxN','ekivelhano@ovh.net','25','2022-03-31','2022-05-03','customer'),
(26,'Bridget','mFyJKoX','yD1g7cfq89J','tIPpntPJXta','bgiraudeaup@rakuten.co.jp','26','2022-04-16','2022-06-24','manager'),
(27,'Arlana','1DemazEYR0I','WjC350','7EF85rAc2r','aaldissq@csmonitor.com','27','2022-06-05','2021-09-28','admin'),
(28,'Christian','ouMXkwkcR','JqsJMIDsH','R0tTAnojL','ccarder@sciencedaily.com','28','2022-04-11','2022-04-04','customer'),
(29,'Bel','2yTeid7Z38A3','ZqW5ULlqOE8','Tz5kQJw','bhollebons@cnn.com','29','2021-09-07','2022-06-28','manager'),
(30,'Robby','UK7enK','K5PogjZ6','BrKxcbAMdm','rtarzeyt@ustream.tv','30','2022-05-30','2022-07-20','admin'),
(31,'Helsa','4pHu5r','e1wOZsvY','ugxMcKUT','hblakestonu@topsy.com','31','2021-10-01','2021-11-18','customer'),
(32,'Aubert','H3zP7i','bYahTSNDbX','rXig4IuWlz','amarttv@princeton.edu','32','2021-09-21','2021-09-18','manager'),
(33,'Tanhya','5XkpiIJ','7fuGpgJ832','1EnEBSv5mo','tschimoniw@hc360.com','33','2022-05-07','2022-04-26','admin'),
(34,'Janetta','yMUHNWM','KEEeP3e73N6S','7mkb2bSbOb','jstyantx@sogou.com','34','2022-01-08','2022-04-08','customer'),
(35,'Aidan','GCiCwcknT7K','agInHBe','iRDZGVJh','aboetery@msn.com','35','2021-10-04','2022-01-06','manager'),
(36,'Lenna','BdrfbCDM','FBM3n5W7hzCH','35458V','lfetherstonhaughz@unicef.org','36','2022-05-09','2022-02-13','admin'),
(37,'Izzy','rSqAgaV6','Omq1N9Mh','DaKBGQzxCAY','igalletly10@mac.com','37','2022-03-01','2021-11-04','customer'),
(38,'Jae','4JmNllgO5u4z','AZxgNAOgVFG','288ZKaUH6','jround11@squarespace.com','38','2022-05-03','2022-02-03','manager'),
(39,'Ashlin','25w3jh','zmkjMtqwA6','7JS8D224','apimley12@aol.com','39','2022-07-07','2022-02-27','admin'),
(40,'Rollo','DIaeNG','RQffJBJyc','arplHqGDSwWr','rcuncliffe13@fastcompany.com','40','2022-02-25','2021-11-04','customer'),
(41,'Scarface','sPJiMOw3ui','bTbZS2afg','bGRPtf','smanchester14@usnews.com','41','2021-09-01','2022-07-16','manager'),
(42,'Dalli','RcGN9q6Pl','z92jzQ','UkCAfZH','dshimmings15@linkedin.com','42','2022-02-17','2021-11-12','admin'),
(43,'Sammie','q2tElRk6dY','Orld2g','GAzuhjrIE7','spleasance16@samsung.com','43','2021-11-23','2022-01-01','customer'),
(44,'Beverlee','X7GtpcN','SepZZF','V6aHxtFBr','bwoolfitt17@nih.gov','44','2022-06-29','2021-10-09','manager'),
(45,'Camila','djvXiMavRF','QVGA0yhwMu','DA3F7pQktba3','ccloss18@nhs.uk','45','2022-02-21','2021-11-10','admin'),
(46,'Katy','QEXTKcLK6Yfw','5YcRLTN','UxAwQ2MoXTw','kstroban19@sciencedaily.com','46','2021-12-28','2022-03-30','customer'),
(47,'Katina','CW6I4Qb','finUaEjnkb','ogiAmgA7nbbU','kfookes1a@ed.gov','47','2021-12-30','2022-03-31','manager'),
(48,'Libbi','z8FANW','NxAU4H33H8r','J9LbQeBMk','lskace1b@vistaprint.com','48','2022-06-04','2022-05-31','admin'),
(49,'Aurelie','Je4PWApMPt','iv1DF87','IzCauhLE','adenkel1c@devhub.com','49','2022-06-18','2022-02-17','customer'),
(50,'Trever','gprmJuU3l','jbhf0k6yjM6','7dq1nD','thay1d@shinystat.com','50','2021-10-20','2022-05-18','manager'),
(51,'Thoma','Se8KmAxLv','xgjU9QC3S','UMPM39jc','tamar1e@gnu.org','51','2021-12-01','2021-09-02','admin'),
(52,'Felix','9AZ2XcO','OVYtLpB','bDANYFT','fsaing1f@amazon.co.uk','52','2022-05-17','2021-11-13','customer'),
(53,'Baudoin','7DF21T2Q','Pk1xfEXd','hvhXq1gSmyjd','bcristofaro1g@vinaora.com','53','2021-11-22','2022-05-11','manager'),
(54,'Nissie','bweaJOYc','oVlS7k','PYLI0gTyw','nsouthouse1h@ebay.co.uk','54','2021-12-01','2022-05-12','admin'),
(55,'Shaughn','WibOqvTy9wM','oesuMo2','zMQBM0I','sredmond1i@umn.edu','55','2021-12-24','2022-08-17','customer'),
(56,'Sandro','z3UNGZnA','Kdv16pEr','cJXfZ1sLp','sspreckley1j@kickstarter.com','56','2022-03-10','2022-04-10','manager'),
(57,'Amandie','WYrdfixEz','ccBolRIEaRty','CBTevue1c1C8','akachel1k@sphinn.com','57','2021-10-09','2021-10-11','admin'),
(58,'Klemens','SFHVKA2P98','yMhfMCPzcaX','ShNjT6Q','kmcdaid1l@rambler.ru','58','2022-07-09','2022-03-11','customer'),
(59,'Rooney','wfSudJzQ1kN','fsjBKP41eF','0tlH10fVP','rbavin1m@hatena.ne.jp','59','2021-11-07','2021-11-13','manager'),
(60,'Aili','904Bc9OB','XOEyGb70','4QMfXls3OR','aimison1n@mac.com','60','2021-11-14','2021-10-08','admin'),
(61,'Lauryn','M8OWXf9TKb','zCCptA','hVOVIsIua','ltomasicchio1o@epa.gov','61','2022-06-28','2022-03-09','customer'),
(62,'Bendick','ZgPbYavC','aBvtvUiH','YK6nKndUK88','bvilla1p@geocities.jp','62','2022-05-17','2022-06-12','manager'),
(63,'Pamelina','TwIHPnAKEFqN','YcllXdTrkuvb','uJSFT3C4bf','pwinterbotham1q@technorati.com','63','2021-10-01','2022-01-24','admin'),
(64,'Dominique','mr8J77JfAM','smBEy2ga6DWk','hO2F9vs8O','dpeacock1r@independent.co.uk','64','2021-10-19','2022-08-14','customer'),
(65,'Amberly','xTsYrhpOc8','wFC23PvQFh','gY1ZSDuD','apenelli1s@ucoz.ru','65','2022-01-12','2022-05-27','manager'),
(66,'Ring','RRxvHIo','0DUgsU','EJvGX6E','rjaqueme1t@meetup.com','66','2021-08-29','2022-04-09','admin'),
(67,'Omar','5ObVDS','xoHypsLJ','vkI7fWK','ogavriel1u@wikipedia.org','67','2022-01-27','2022-03-18','customer'),
(68,'Isabeau','k8Reg54l','H6gpbnx','pU9ce2gOyz5A','ibrissard1v@cbslocal.com','68','2022-08-10','2021-11-03','manager'),
(69,'Asa','ekWdlQ','lwXQg9Jijr','v3w5cRQY','atowner1w@spotify.com','69','2022-04-29','2022-07-10','admin'),
(70,'Magda','cmNXhQify','XzKTTUdiO5V','mpu2otubV7d','mdurran1x@gnu.org','70','2022-01-30','2022-02-14','customer'),
(71,'Godfry','YxkCVfiDWA','4wVWqe7tJ','TMKiwkRtds','gsuermeier1y@squidoo.com','71','2021-11-17','2021-11-08','manager'),
(72,'Junina','5d7bDEGOtO','fdxFUnkR','QM20AbtCYW','jfranses1z@booking.com','72','2022-04-11','2022-05-24','admin'),
(73,'Kendrick','Nr2NSK','2LU9U6n47KLz','8qEn5RQ','kwinger20@google.com.au','73','2021-09-11','2022-01-07','customer'),
(74,'Kincaid','WY5vw31Ut','8KXTF8Ck','pr9bnR8OpKHL','kscargle21@cbc.ca','74','2021-12-27','2021-10-24','manager'),
(75,'Traci','5ZkoEh4fat8n','Ekdl184aPjq','LDHif393rb','tjayes22@technorati.com','75','2022-08-01','2021-09-12','admin'),
(76,'Paxon','C2BAxv','lUiUk3cxZpIT','MgnJBLX','pgoldbourn23@businessweek.com','76','2022-03-28','2022-02-27','customer'),
(77,'Pamelina','2V5g9L47y','q8soa1OMReU','DKhoO1z6Wu','ptoderi24@comsenz.com','77','2021-09-04','2021-09-23','manager'),
(78,'Skipper','xUiQNFGdq','lt9Mj6','CFWvDS4eZ','ssaynor25@eventbrite.com','78','2022-08-04','2022-02-23','admin'),
(79,'Dewie','Wqn8SU','OEi3p338b','WYzz5wyY1v','damorts26@cnbc.com','79','2022-04-27','2022-06-30','customer'),
(80,'Garry','EwHaZo8U','Inpkhf5','k9a2CQvJ8JeU','gglyssanne27@webs.com','80','2022-04-17','2021-10-21','manager'),
(81,'Padget','AXvNoqAl2SK','0eHwq8','mBGlu4bevbJ1','pdenore28@intel.com','81','2022-03-31','2022-02-21','admin'),
(82,'Tabby','Ul7yNJ4srSW3','xLWfsjKrS','NYxqzv6','tmaybey29@t-online.de','82','2022-04-19','2022-05-24','customer'),
(83,'Lowell','vSZDtUCQ1HY','yuS7xg','WUUbgBcla','lgamett2a@shop-pro.jp','83','2022-05-11','2022-02-15','manager'),
(84,'Elisabet','UZWZzw','SYmgF5T','KLmqMlBzuWT','enorval2b@meetup.com','84','2021-09-21','2022-04-01','admin'),
(85,'Orbadiah','7xOx5Kw1','T7rXPLJ','jEDfShnI','ogerkens2c@seesaa.net','85','2021-10-22','2021-12-30','customer'),
(86,'Liliane','hf8KrJw','lPPGt54Cvu','79XJJ7fMJ','lkasting2d@hostgator.com','86','2022-01-27','2022-06-17','manager'),
(87,'Didi','mkX3bo1AFz9g','GzfeBOJVklk','jXpwoLm','dpedrocco2e@tinyurl.com','87','2021-09-03','2022-02-12','admin'),
(88,'Aeriel','V1b3Kl','NLrn1V','xJXbht3o9P','aguppey2f@networksolutions.com','88','2022-06-30','2021-11-20','customer'),
(89,'Arte','g9pK3W','LR69DlJR','5RIQSH1','aparish2g@google.com.hk','89','2021-10-07','2021-11-28','manager'),
(90,'Debee','GoO7LGcb','Ypiy6L38','vLc4PGG15t','dvickars2h@shinystat.com','90','2021-09-23','2022-06-16','admin'),
(91,'Alyss','I6N1OA','iWEjAgbXmfBK','4EWZwXs0Zy','alawlor2i@t.co','91','2022-06-19','2021-08-21','customer'),
(92,'Demetris','P5JrdZcCyM9','FNco6tC','rHOOe11','dkeepence2j@tripadvisor.com','92','2022-03-18','2021-12-11','manager'),
(93,'Katine','XMBxxP','9h66Xqp9zWz','QgBXxmPW','kenevold2k@blogtalkradio.com','93','2022-03-17','2022-06-05','admin'),
(94,'Bendix','d3e9gaRRE8','hrp6IYYAB9','6x34NLhFp','bgeist2l@lycos.com','94','2021-12-25','2021-12-01','customer'),
(95,'Chelsy','6fQ6eWx0au','jngeJ9sy','bX4SRVmGCj5','cjaffray2m@csmonitor.com','95','2022-05-03','2021-12-09','manager'),
(96,'Billie','J03DjuGAKk','nvsw3j7Mk5','QG8xtDL','beyeington2n@jigsy.com','96','2021-09-18','2022-04-06','admin'),
(97,'Camile','loEKdRRiN','SPvfk2zAt5','yph0ESLiI','cstonham2o@clickbank.net','97','2021-11-07','2022-02-21','customer'),
(98,'Idalia','ZbYPkW','FFcDYF4Wt','mUyyBoJAt','isetterfield2p@ucla.edu','98','2021-09-02','2021-10-14','manager'),
(99,'Shay','HCB2Tw4','1kmb25nn','XVpZG5Nz','sbosward2q@smh.com.au','99','2021-11-28','2022-03-05','admin'),
(100,'Hilly','57iOFcIqLH2U','5rp9hou','iRxjCiEmhd','hhulk2r@ibm.com','100','2022-06-19','2021-12-05','customer');

insert into products values (1,'Table Cloth 72x144 White','Wine - Red, Marechal Foch','Exercise Treatment of GU Sys using Aerobic Equipment','Therapeutic Exercise Treatment of Genitourinary System using Aerobic Endurance and Conditioning Equipment','0','0','1','19.64','25.61','no-image.jpg','2021-11-28','2022-05-04','9','4','9'),
(2,'Cumin - Whole','Watercress','Dilation of 1 Cor Art with Radioact Intralum, Perc Approach','Dilation of Coronary Artery, One Artery with Radioactive Intraluminal Device, Percutaneous Approach','0','1','1','15.39','29.19','no-image.jpg','2022-06-02','2022-08-15','10','10','4'),
(3,'Milk - Chocolate 250 Ml','Dehydrated Kelp Kombo','Restrict of L Kidney Pelvis with Intralum Dev, Perc Approach','Restriction of Left Kidney Pelvis with Intraluminal Device, Percutaneous Approach','0','0','0','11.75','28.97','no-image.jpg','2022-06-12','2021-09-27','10','8','6'),
(4,'Pork - Ground','Soup - Knorr, Country Bean','Supplement Pancreat Duct with Autol Sub, Perc Endo Approach','Supplement Pancreatic Duct with Autologous Tissue Substitute, Percutaneous Endoscopic Approach','0','0','0','9.19','30.95','no-image.jpg','2021-08-26','2021-12-02','4','5','4'),
(5,'Wine - Black Tower Qr','Cake Sheet Combo Party Pack','Removal of Autol Sub from Heart, Perc Endo Approach','Removal of Autologous Tissue Substitute from Heart, Percutaneous Endoscopic Approach','0','1','1','18.46','22.08','no-image.jpg','2022-06-20','2021-08-22','5','9','6'),
(6,'Bread - Pita','Shopper Bag - S - 4','Destruction of Left Foot Tendon, Percutaneous Approach','Destruction of Left Foot Tendon, Percutaneous Approach','0','0','1','16.63','32.36','no-image.jpg','2021-10-25','2022-04-17','5','4','6'),
(7,'Cleaner - Pine Sol','Beef - Montreal Smoked Brisket','Removal of Synthetic Substitute from R Rib, Open Approach','Removal of Synthetic Substitute from Right Rib, Open Approach','1','0','0','17.37','21.85','no-image.jpg','2022-08-20','2022-08-17','1','6','10'),
(8,'Beer - Labatt Blue','Extract - Vanilla,artificial','Insert of Radioact Elem into Mediastinum, Perc Endo Approach','Insertion of Radioactive Element into Mediastinum, Percutaneous Endoscopic Approach','1','0','0','21.12','39.45','no-image.jpg','2022-04-28','2021-11-18','6','10','9'),
(9,'Puree - Blackcurrant','Salt - Table','Reposition Brachial Plexus, Percutaneous Endoscopic Approach','Reposition Brachial Plexus, Percutaneous Endoscopic Approach','0','1','1','7.26','43.32','no-image.jpg','2021-09-21','2022-07-31','3','2','5'),
(10,'Carrots - Mini Red Organic','Munchies Honey Sweet Trail Mix','Release Right Acetabulum, Percutaneous Endoscopic Approach','Release Right Acetabulum, Percutaneous Endoscopic Approach','0','0','0','17.08','40.6','no-image.jpg','2021-11-11','2021-09-20','2','1','6'),
(11,'Veal - Shank, Pieces','Cheese - Boursin, Garlic / Herbs','Release Intracranial Artery, Perc Endo Approach','Release Intracranial Artery, Percutaneous Endoscopic Approach','0','0','0','20.33','40.42','no-image.jpg','2021-11-18','2022-06-30','5','3','5'),
(12,'Butter - Salted, Micro','Wine - Mas Chicet Rose, Vintage','Excision of Left Ulna, Open Approach, Diagnostic','Excision of Left Ulna, Open Approach, Diagnostic','1','0','0','16.38','36.33','no-image.jpg','2021-10-31','2022-07-31','8','8','8'),
(13,'Muffin - Mix - Strawberry Rhubarb','Wine - Shiraz Wolf Blass Premium','Repair Olfactory Nerve, Percutaneous Approach','Repair Olfactory Nerve, Percutaneous Approach','1','1','1','14.13','25.37','no-image.jpg','2022-06-27','2021-09-17','6','2','5'),
(14,'Cookie Chocolate Chip With','Wine - Chablis 2003 Champs','Extirpation of Matter from Left Carpal, Perc Endo Approach','Extirpation of Matter from Left Carpal, Percutaneous Endoscopic Approach','1','1','0','12.01','41.63','no-image.jpg','2022-03-18','2021-08-26','8','10','2'),
(15,'Capicola - Hot','Pectin','Removal of Drainage Device from R Knee Jt, Extern Approach','Removal of Drainage Device from Right Knee Joint, External Approach','0','0','1','16.66','44.89','no-image.jpg','2022-06-05','2022-05-11','9','7','1'),
(16,'Soup - Campbells','Soup - Cream Of Potato / Leek','Dilation of R Axilla Art, Bifurc, Perc Endo Approach','Dilation of Right Axillary Artery, Bifurcation, Percutaneous Endoscopic Approach','0','1','0','18.05','25.72','no-image.jpg','2022-03-11','2022-01-03','6','5','5'),
(17,'Trout Rainbow Whole','Venison - Liver','Excision of Left Thorax Tendon, Percutaneous Approach','Excision of Left Thorax Tendon, Percutaneous Approach','0','1','1','21.55','21.32','no-image.jpg','2021-10-20','2022-01-30','5','9','2'),
(18,'Wine - Shiraz South Eastern','Veal - Ground','Revision of Nonaut Sub in Thoracic Duct, Open Approach','Revision of Nonautologous Tissue Substitute in Thoracic Duct, Open Approach','1','0','0','6.5','44.8','no-image.jpg','2021-12-08','2022-01-06','3','3','8'),
(19,'Wine - Jaboulet Cotes Du Rhone','Veal - Ground','Excision of Mediastinum, Open Approach, Diagnostic','Excision of Mediastinum, Open Approach, Diagnostic','1','1','0','22.22','22.75','no-image.jpg','2021-10-20','2021-10-27','6','8','2'),
(20,'Bread - Pita','Sugar - Fine','Beam Radiation of Hemibody using Neutron Capture','Beam Radiation of Hemibody using Neutron Capture','0','0','0','20.36','35.29','no-image.jpg','2022-05-29','2022-03-05','4','1','10'),
(21,'Cheese - Gorgonzola','Red Currant Jelly','Reposition Radial Nerve, Open Approach','Reposition Radial Nerve, Open Approach','0','1','0','27.25','45.77','no-image.jpg','2022-06-11','2022-02-12','1','5','1'),
(22,'Cookie Dough - Chocolate Chip','Cheese - Ricotta','Bypass Descending Colon to Rectum, Perc Endo Approach','Bypass Descending Colon to Rectum, Percutaneous Endoscopic Approach','0','0','0','8.58','33.69','no-image.jpg','2022-01-26','2022-06-02','6','7','1'),
(23,'Soup - Base Broth Beef','Squid - U - 10 Thailand','Reposition Right Wrist Bursa and Ligament, Open Approach','Reposition Right Wrist Bursa and Ligament, Open Approach','0','1','1','13.36','33.09','no-image.jpg','2022-01-19','2022-04-01','2','3','6'),
(24,'Energy Drink Red Bull','Tandoori Curry Paste','Revision of Drainage Device in L Shoulder Jt, Perc Approach','Revision of Drainage Device in Left Shoulder Joint, Percutaneous Approach','1','1','1','29.59','22.06','no-image.jpg','2022-08-09','2022-06-21','6','1','4'),
(25,'Syrup - Monin - Blue Curacao','Truffle Cups - Brown','Release Left Toe Phalangeal Joint, Open Approach','Release Left Toe Phalangeal Joint, Open Approach','0','0','0','7.18','47.74','no-image.jpg','2022-05-07','2022-03-19','2','4','1'),
(26,'Soup - French Onion, Dry','Beer - True North Strong Ale','Repair Right Foot Bursa and Ligament, Open Approach','Repair Right Foot Bursa and Ligament, Open Approach','1','1','1','28.94','36.18','no-image.jpg','2022-06-14','2022-05-29','1','6','7'),
(27,'Muffin - Zero Transfat','Bread - Hot Dog Buns','Nuclear Medicine, Central Nervous Sys, Nonimag Nucl Med Prob','Nuclear Medicine, Central Nervous System, Nonimaging Nuclear Medicine Probe','1','1','0','28.53','23.32','no-image.jpg','2022-01-21','2021-12-03','1','2','10'),
(28,'Dr. Pepper - 355ml','Compound - Pear','Insertion of Other Device into Right Buttock, Perc Approach','Insertion of Other Device into Right Buttock, Percutaneous Approach','1','0','1','26.36','35.21','no-image.jpg','2022-03-17','2021-11-09','10','1','6'),
(29,'Cookies Oatmeal Raisin','Juice - Apple, 1.36l','Drainage of Right Shoulder Tendon, Perc Endo Approach, Diagn','Drainage of Right Shoulder Tendon, Percutaneous Endoscopic Approach, Diagnostic','0','1','0','22.34','26.87','no-image.jpg','2022-01-25','2022-03-08','10','3','5'),
(30,'Soup - Campbells Broccoli','Cabbage - Red','Restrict of L Low Lobe Bronc with Intralum Dev, Via Opening','Restriction of Left Lower Lobe Bronchus with Intraluminal Device, Via Natural or Artificial Opening','1','1','1','21.71','35.42','no-image.jpg','2022-02-22','2022-01-30','7','5','8'),
(31,'Salmon - Atlantic, Skin On','Kiwi Gold Zespri','Insertion of Infusion Device into L Pulm Art, Perc Approach','Insertion of Infusion Device into Left Pulmonary Artery, Percutaneous Approach','1','1','1','26.32','22.29','no-image.jpg','2021-10-24','2022-01-06','10','4','5'),
(32,'Trueblue - Blueberry','Chinese Foods - Cantonese','Revision of Drainage Device in Stomach, Open Approach','Revision of Drainage Device in Stomach, Open Approach','0','0','0','23.48','47.54','no-image.jpg','2022-06-14','2022-06-15','6','1','6'),
(33,'Scampi Tail','Peas Snow','Replace Thor Aorta Desc w Zooplastic, Perc Endo','Replacement of Thoracic Aorta, Descending with Zooplastic Tissue, Percutaneous Endoscopic Approach','1','0','0','7.24','42.64','no-image.jpg','2022-03-21','2022-03-10','8','10','6'),
(34,'Jam - Marmalade, Orange','Scallops - U - 10','Inspection of Left Inner Ear, Open Approach','Inspection of Left Inner Ear, Open Approach','1','0','0','28.83','25.04','no-image.jpg','2021-12-31','2022-04-25','8','9','2'),
(35,'Gatorade - Cool Blue Raspberry','Icecream - Dstk Strw Chseck','Nuclear Medicine, Lymph & Hemat Sys, Nonimag Nucl Med Prob','Nuclear Medicine, Lymphatic and Hematologic System, Nonimaging Nuclear Medicine Probe','0','1','1','24.16','39.18','no-image.jpg','2022-03-22','2022-04-18','4','6','5'),
(36,'Roe - Lump Fish, Black','Tea Peppermint','Release Cerebral Hemisphere, Perc Endo Approach','Release Cerebral Hemisphere, Percutaneous Endoscopic Approach','1','1','0','8.05','20.45','no-image.jpg','2022-05-28','2022-04-25','2','9','2'),
(37,'Fib N9 - Prague Powder','Sobe - Berry Energy','Dilation of Left Internal Carotid Artery, Perc Endo Approach','Dilation of Left Internal Carotid Artery, Percutaneous Endoscopic Approach','0','0','1','25.72','27.75','no-image.jpg','2022-07-08','2022-07-04','7','1','10'),
(38,'Shrimp - Black Tiger 8 - 12','Yokaline','Plaque Radiation of Thymus','Plaque Radiation of Thymus','1','0','0','19.01','25.69','no-image.jpg','2021-08-28','2022-07-09','4','6','3'),
(39,'Tomato Paste','Brandy - Bar','Insert of Intralum Dev into R Popl Art, Perc Endo Approach','Insertion of Intraluminal Device into Right Popliteal Artery, Percutaneous Endoscopic Approach','1','1','1','24.27','20.77','no-image.jpg','2022-05-30','2022-01-06','3','1','5'),
(40,'Pasta - Rotini, Colour, Dry','Potatoes - Purple, Organic','Replace R Up Leg Subcu/Fascia w Synth Sub, Perc','Replacement of Right Upper Leg Subcutaneous Tissue and Fascia with Synthetic Substitute, Percutaneous Approach','0','0','0','18.31','36.97','no-image.jpg','2022-06-16','2021-10-24','7','3','10'),
(41,'Wine - Beringer Founders Estate','Cookies Almond Hazelnut','Removal of Autol Sub from L Ear, Open Approach','Removal of Autologous Tissue Substitute from Left Ear, Open Approach','0','0','0','13.04','32.33','no-image.jpg','2022-01-19','2021-10-08','10','10','9'),
(42,'Cheese - Mozzarella, Shredded','Pork - Ham Hocks - Smoked','Alteration of Right Axilla with Autol Sub, Perc Approach','Alteration of Right Axilla with Autologous Tissue Substitute, Percutaneous Approach','0','1','1','12.17','30.92','no-image.jpg','2021-09-25','2021-12-25','7','7','4'),
(43,'Cheese - Colby','Ginger - Pickled','Introduce Electrol/Water Bal in Central Art, Perc','Introduction of Electrolytic and Water Balance Substance into Central Artery, Percutaneous Approach','0','0','1','17.83','23.51','no-image.jpg','2021-08-29','2021-10-25','10','8','10'),
(44,'Eggplant Oriental','Cardamon Ground','Dilation of Vagina, Percutaneous Approach','Dilation of Vagina, Percutaneous Approach','0','0','0','10.25','47.14','no-image.jpg','2022-01-30','2021-12-16','9','9','10'),
(45,'Strawberries','Daikon Radish','Drainage of Pancreat Duct with Drain Dev, Perc Endo Approach','Drainage of Pancreatic Duct with Drainage Device, Percutaneous Endoscopic Approach','0','0','1','28.33','43.18','no-image.jpg','2022-07-29','2021-12-08','9','1','9'),
(46,'Squid - U - 10 Thailand','Artichoke - Hearts, Canned','Removal of Infusion Dev from Resp Tract, Perc Endo Approach','Removal of Infusion Device from Respiratory Tract, Percutaneous Endoscopic Approach','0','0','1','5.06','24.59','no-image.jpg','2022-07-04','2022-03-26','6','3','1'),
(47,'Veal - Liver','Blouse / Shirt / Sweater','Restriction of Left Innominate Vein, Open Approach','Restriction of Left Innominate Vein, Open Approach','1','1','1','20.68','34.04','no-image.jpg','2022-01-30','2021-12-02','1','6','2'),
(48,'Gingerale - Diet - Schweppes','Pork - Butt, Boneless','Performance of Cardiac Pacing, Intermittent','Performance of Cardiac Pacing, Intermittent','0','0','1','23.26','41.77','no-image.jpg','2022-05-30','2021-10-03','6','6','10'),
(49,'Veal - Liver','Nestea - Iced Tea','Hyperthermia of Cervix','Hyperthermia of Cervix','1','1','0','27.01','33.85','no-image.jpg','2021-12-18','2021-11-12','4','1','9'),
(50,'Chicken - Diced, Cooked','Longos - Chicken Wings','Resection of Left Ethmoid Bone, Open Approach','Resection of Left Ethmoid Bone, Open Approach','0','1','0','7.61','32.33','no-image.jpg','2022-02-07','2022-01-21','1','8','10'),
(51,'Mustard - Individual Pkg','Apple - Custard','Revision of Autol Sub in Coccygeal Jt, Perc Approach','Revision of Autologous Tissue Substitute in Coccygeal Joint, Percutaneous Approach','0','1','1','10.44','25.29','no-image.jpg','2021-10-23','2021-12-04','5','10','6'),
(52,'Squash - Sunburst','Scallops - In Shell','Tympanometry Assessment using Acoust Immit/Reflex Equipment','Tympanometry Assessment using Electroacoustic Immitance / Acoustic Reflex Equipment','1','0','0','23.8','32.2','no-image.jpg','2022-07-03','2022-07-16','6','9','9'),
(53,'Butter - Salted','Godiva White Chocolate','Release Right Common Iliac Vein, Perc Endo Approach','Release Right Common Iliac Vein, Percutaneous Endoscopic Approach','1','0','1','12.43','36.35','no-image.jpg','2022-03-10','2022-01-06','9','5','1'),
(54,'Goldschalger','Crab - Back Fin Meat, Canned','Excision of Right Breast, External Approach, Diagnostic','Excision of Right Breast, External Approach, Diagnostic','1','1','0','6.53','45.11','no-image.jpg','2022-04-26','2022-01-31','5','9','4'),
(55,'Turkey - Breast, Double','Almonds Ground Blanched','Extirpation of Matter from Right Pleura, Perc Endo Approach','Extirpation of Matter from Right Pleura, Percutaneous Endoscopic Approach','0','0','0','26.63','27.53','no-image.jpg','2021-09-26','2022-03-27','7','4','3'),
(56,'Fruit Salad Deluxe','Wine - Baron De Rothschild','Destruction of Right Femoral Vein, Perc Endo Approach','Destruction of Right Femoral Vein, Percutaneous Endoscopic Approach','1','0','1','11.76','30.61','no-image.jpg','2022-07-10','2021-09-16','6','3','8'),
(57,'Bread - Crumbs, Bulk','Appetizer - Tarragon Chicken','Excision of Sigmoid Colon, Endo','Excision of Sigmoid Colon, Via Natural or Artificial Opening Endoscopic','0','1','1','27.13','27.02','no-image.jpg','2021-09-29','2021-12-31','8','7','8'),
(58,'Pastry - Key Limepoppy Seed Tea','Beef - Tenderloin - Aa','Insert of Intralum Dev into R Com Iliac Art, Open Approach','Insertion of Intraluminal Device into Right Common Iliac Artery, Open Approach','0','1','1','6.92','37.05','no-image.jpg','2021-12-31','2021-11-29','2','1','7'),
(59,'Salt - Sea','Rhubarb','Drainage of Left Knee Region, Open Approach, Diagnostic','Drainage of Left Knee Region, Open Approach, Diagnostic','1','1','0','29.59','32.66','no-image.jpg','2022-05-09','2022-05-02','8','8','4'),
(60,'Pastry - Lemon Danish - Mini','Cod - Black Whole Fillet','Supplement Left Hepatic Duct with Nonaut Sub, Perc Approach','Supplement Left Hepatic Duct with Nonautologous Tissue Substitute, Percutaneous Approach','0','0','0','28.79','24.16','no-image.jpg','2022-06-18','2021-10-06','10','9','4'),
(61,'Salmon - Whole, 4 - 6 Pounds','Soup - Knorr, Country Bean','Repair Thoracic Aorta, Descending, Open Approach','Repair Thoracic Aorta, Descending, Open Approach','1','0','0','6.81','21.19','no-image.jpg','2022-03-19','2022-01-13','1','3','10'),
(62,'Water - Spring Water 500ml','Coconut - Whole','Extraction of Cervical Plexus, Perc Endo Approach','Extraction of Cervical Plexus, Percutaneous Endoscopic Approach','1','0','0','9.32','24.84','no-image.jpg','2022-02-18','2021-10-29','3','4','2'),
(63,'Beef - Tenderloin - Aa','Carbonated Water - Blackcherry','Insert Infusion Dev in R Temporomandib Jt, Perc','Insertion of Infusion Device into Right Temporomandibular Joint, Percutaneous Approach','0','0','1','13.43','33.23','no-image.jpg','2022-07-13','2022-02-14','7','7','3'),
(64,'Creme De Menthe Green','Dill Weed - Fresh','Bypass Sigmoid Colon to Rectum with Synth Sub, Open Approach','Bypass Sigmoid Colon to Rectum with Synthetic Substitute, Open Approach','0','1','1','13.28','33.52','no-image.jpg','2021-12-24','2022-06-16','10','6','1'),
(65,'Watercress','Buffalo - Striploin','Insertion of Radioact Elem into L Low Arm, Open Approach','Insertion of Radioactive Element into Left Lower Arm, Open Approach','0','0','1','17.86','41.55','no-image.jpg','2022-04-12','2021-09-01','10','9','9'),
(66,'Lemonade - Island Tea, 591 Ml','Red Currant Jelly','Dilation of Esophagogastric Junction, Perc Endo Approach','Dilation of Esophagogastric Junction, Percutaneous Endoscopic Approach','1','1','0','8.37','28.08','no-image.jpg','2022-06-20','2022-06-17','10','1','2'),
(67,'Goat - Whole Cut','Coffee - 10oz Cup 92961','Dilation of Carina with Intraluminal Device, Open Approach','Dilation of Carina with Intraluminal Device, Open Approach','1','1','1','19.09','46.2','no-image.jpg','2022-05-27','2022-04-30','3','6','7'),
(68,'Ostrich - Fan Fillet','Ice Cream Bar - Oreo Sandwich','HDR Brachytherapy of Neck Lymph using Californium 252','High Dose Rate (HDR) Brachytherapy of Neck Lymphatics using Californium 252 (Cf-252)','1','1','0','14.74','40.6','no-image.jpg','2021-09-13','2022-05-08','8','4','6'),
(69,'Bouillion - Fish','Kellogs Cereal In A Cup','Excision of Right Axilla, Perc Endo Approach, Diagn','Excision of Right Axilla, Percutaneous Endoscopic Approach, Diagnostic','1','0','1','27.39','30.22','no-image.jpg','2022-03-12','2022-04-17','9','7','9'),
(70,'Orange - Blood','Juice - Apple, 500 Ml','Reposition Innominate Artery, Open Approach','Reposition Innominate Artery, Open Approach','0','0','0','17.3','49.83','no-image.jpg','2021-09-14','2022-03-09','5','6','3'),
(71,'Fish - Scallops, Cold Smoked','Spice - Pepper Portions','Insert of Infusion Dev into Coccygeal Jt, Perc Endo Approach','Insertion of Infusion Device into Coccygeal Joint, Percutaneous Endoscopic Approach','1','1','0','28.21','33.79','no-image.jpg','2022-02-01','2021-12-14','5','10','9'),
(72,'Glaze - Clear','Fork - Plastic','Supplement L Up Leg Muscle with Autol Sub, Open Approach','Supplement Left Upper Leg Muscle with Autologous Tissue Substitute, Open Approach','1','0','1','12.45','26.28','no-image.jpg','2022-01-30','2022-07-17','3','5','4'),
(73,'Sachet','Appetizer - Tarragon Chicken','Removal of Resurfacing Device from L Hip Jt, Open Approach','Removal of Resurfacing Device from Left Hip Joint, Open Approach','0','1','0','12.11','28.99','no-image.jpg','2022-07-07','2021-09-09','3','7','8'),
(74,'Lettuce - Spring Mix','Wine - Red Oakridge Merlot','Supplement R Abd Bursa/Lig with Synth Sub, Open Approach','Supplement Right Abdomen Bursa and Ligament with Synthetic Substitute, Open Approach','1','1','1','15.96','32.24','no-image.jpg','2022-05-03','2022-04-22','5','7','2'),
(75,'Beef - Tenderloin','Carbonated Water - Peach','Extirpation of Matter from R Low Leg Tendon, Perc Approach','Extirpation of Matter from Right Lower Leg Tendon, Percutaneous Approach','1','1','1','17.37','36.42','no-image.jpg','2021-09-29','2022-05-13','8','4','3'),
(76,'Lamb Rack - Ontario','Vermouth - White, Cinzano','Excision of Right Tympanic Membrane, Endo','Excision of Right Tympanic Membrane, Via Natural or Artificial Opening Endoscopic','1','0','0','27.48','36.68','no-image.jpg','2021-09-30','2022-07-02','1','9','3'),
(77,'Cheese - Ermite Bleu','Alize Red Passion','Drainage of Epiglottis with Drain Dev, Perc Endo Approach','Drainage of Epiglottis with Drainage Device, Percutaneous Endoscopic Approach','1','0','0','11.97','22.19','no-image.jpg','2021-10-13','2022-04-17','5','4','3'),
(78,'Compound - Raspberry','Grapes - Green','Repair Left Hand Tendon, Percutaneous Approach','Repair Left Hand Tendon, Percutaneous Approach','1','1','0','19.66','36.92','no-image.jpg','2021-11-27','2021-10-10','8','8','5'),
(79,'Cup - 4oz Translucent','Tamarillo','Removal of Synthetic Substitute from Sacrum, Open Approach','Removal of Synthetic Substitute from Sacrum, Open Approach','1','0','1','18.45','46.39','no-image.jpg','2022-04-09','2021-12-20','2','7','6'),
(80,'Cheese - Manchego, Spanish','Lamb - Ground','Dilate R Foot Art, Bifurc, w 4 Drug-elut, Open','Dilation of Right Foot Artery, Bifurcation, with Four or More Drug-eluting Intraluminal Devices, Open Approach','0','0','1','25.15','40.54','no-image.jpg','2021-11-03','2022-01-18','8','2','2'),
(81,'Cheese - Mozzarella, Buffalo','Veal - Insides Provini','Revision of Resurfacing Device in R Hip Jt, Open Approach','Revision of Resurfacing Device in Right Hip Joint, Open Approach','0','0','0','29.5','35.39','no-image.jpg','2022-05-24','2022-04-12','7','10','1'),
(82,'Pork - Sausage, Medium','Wine - Balbach Riverside','Repair Right Popliteal Artery, Perc Endo Approach','Repair Right Popliteal Artery, Percutaneous Endoscopic Approach','1','1','1','6.73','29.67','no-image.jpg','2021-10-29','2022-05-01','10','3','8'),
(83,'Bamboo Shoots - Sliced','Soup - Campbells Beef Noodle','Transfer Right Hand Muscle with Subcu, Perc Endo Approach','Transfer Right Hand Muscle with Subcutaneous Tissue, Percutaneous Endoscopic Approach','1','0','1','17.03','34.52','no-image.jpg','2021-08-29','2021-12-06','7','7','1'),
(84,'Bag - Bread, White, Plain','Wine - Kwv Chenin Blanc South','Repair Right Radius, Percutaneous Approach','Repair Right Radius, Percutaneous Approach','1','1','0','8.43','37.95','no-image.jpg','2021-12-14','2021-10-16','10','6','1'),
(85,'Saskatoon Berries - Frozen','Sorrel - Fresh','Dilation of Sigmoid Colon, Percutaneous Approach','Dilation of Sigmoid Colon, Percutaneous Approach','1','0','1','10.46','48.62','no-image.jpg','2022-07-18','2022-01-21','2','6','7'),
(86,'Tart - Pecan Butter Squares','Sping Loaded Cup Dispenser','Static Orthosis Device Fitting using Assist Equipment','Static Orthosis Device Fitting using Assistive, Adaptive, Supportive or Protective Equipment','1','1','0','24.37','33.38','no-image.jpg','2021-11-24','2021-12-08','8','5','2'),
(87,'Roe - Lump Fish, Black','Almonds Ground Blanched','Bypass Com Bile Duct to Caud Duct w Intralum Dev, Open','Bypass Common Bile Duct to Caudate Hepatic Duct with Intraluminal Device, Open Approach','1','0','1','25.95','38.37','no-image.jpg','2022-05-28','2022-02-27','10','7','5'),
(88,'Boogies','Zucchini - Green','Bypass Inf Mesent Vein to Low Vein w Nonaut Sub, Perc Endo','Bypass Inferior Mesenteric Vein to Lower Vein with Nonautologous Tissue Substitute, Percutaneous Endoscopic Approach','1','1','1','23.68','35.42','no-image.jpg','2022-06-01','2021-12-26','8','5','9'),
(89,'Chambord Royal','Crackers - Graham','Supplement L Fem Art with Nonaut Sub, Perc Endo Approach','Supplement Left Femoral Artery with Nonautologous Tissue Substitute, Percutaneous Endoscopic Approach','1','0','0','18.32','24.38','no-image.jpg','2021-09-22','2022-04-04','7','2','5'),
(90,'Bagel - Everything Presliced','Sobe - Lizard Fuel','Supplement R Up Leg Tendon w Nonaut Sub, Perc Endo','Supplement Right Upper Leg Tendon with Nonautologous Tissue Substitute, Percutaneous Endoscopic Approach','1','1','0','20.51','32.25','no-image.jpg','2022-02-09','2022-07-19','6','3','3'),
(91,'Sparkling Wine - Rose, Freixenet','Wine - Barolo Fontanafredda','Occlusion R Colic Art w Intralum Dev, Perc Endo','Occlusion of Right Colic Artery with Intraluminal Device, Percutaneous Endoscopic Approach','0','0','0','14.21','27.4','no-image.jpg','2022-06-25','2021-10-01','4','7','2'),
(92,'Pastry - Raisin Muffin - Mini','Beer - Upper Canada Lager','Introduction of Oth Therap Subst into Nose, Extern Approach','Introduction of Other Therapeutic Substance into Nose, External Approach','0','1','0','26.3','41.98','no-image.jpg','2022-07-14','2021-09-22','2','4','2'),
(93,'Bacardi Breezer - Strawberry','Sword Pick Asst','Measurement of POC, Cardiac Rate, Via Opening','Measurement of Products of Conception, Cardiac Rate, Via Natural or Artificial Opening','0','0','0','11.74','34.52','no-image.jpg','2021-10-15','2022-05-02','1','3','9'),
(94,'Coffee - Irish Cream','Container - Clear 16 Oz','Bypass Abd Aorta to B Renal A w Autol Vn, Perc Endo','Bypass Abdominal Aorta to Bilateral Renal Artery with Autologous Venous Tissue, Percutaneous Endoscopic Approach','1','1','1','6.6','25.26','no-image.jpg','2021-10-31','2021-12-06','10','9','10'),
(95,'Beef - Roasted, Cooked','Ice Cream Bar - Hageen Daz To','Imaging, Anatomical Regions, Plain Radiography','Imaging, Anatomical Regions, Plain Radiography','1','1','1','28.95','31.91','no-image.jpg','2022-06-02','2022-07-02','2','10','7'),
(96,'Extract Vanilla Pure','Wine - Barossa Valley Estate','Replacement of Bladder with Autol Sub, Via Opening','Replacement of Bladder with Autologous Tissue Substitute, Via Natural or Artificial Opening','1','1','0','6.45','32.79','no-image.jpg','2021-09-19','2022-06-19','1','10','3'),
(97,'Cheese Cheddar Processed','Extract - Raspberry','Release Left Shoulder Muscle, Open Approach','Release Left Shoulder Muscle, Open Approach','0','0','0','15.26','49.57','no-image.jpg','2022-06-02','2021-09-25','1','1','4'),
(98,'Oil - Olive','Pepper - Chilli Seeds Mild','Revise Tissue Expander in Head & Neck Subcu/Fascia, Extern','Revision of Tissue Expander in Head and Neck Subcutaneous Tissue and Fascia, External Approach','0','0','1','22.59','38.75','no-image.jpg','2021-09-30','2022-06-21','1','6','7'),
(99,'Salmon - Sockeye Raw','Wine - Wyndham Estate Bin 777','Removal of Radioactive Element from Esophag, Extern Approach','Removal of Radioactive Element from Esophagus, External Approach','1','0','1','29.21','38.9','no-image.jpg','2022-06-09','2021-11-27','6','5','6'),
(100,'Beer - Camerons Auburn','White Baguette','Excision of Left Elbow Region, Perc Endo Approach','Excision of Left Elbow Region, Percutaneous Endoscopic Approach','1','1','0','10.41','27.25','no-image.jpg','2021-12-05','2022-05-15','9','9','3');

insert into orders values (1,'2022-01-07','115134','empty','43','40','45','cash','processing','54','no','1','Jannelle','3905694182','jbuntain0@delicious.com','26 Susan Trail'),
(2,'2022-04-29','703799','empty','75','60','89','TT','delivering','13','no','2','Willa','7695198064','woppy1@vinaora.com','36231 Sunnyside Pass'),
(3,'2021-12-06','937678','empty','44','68','39','cash','completed','25','no','3','Chanda','7561269781','crickaert2@earthlink.net','1700 Gale Court'),
(4,'2021-09-23','304269','empty','19','47','1','TT','cancel','54','no','4','Dale','1657739929','dfebry3@studiopress.com','8497 Mayfield Way'),
(5,'2022-05-12','440046','empty','82','38','28','cash','processing','91','no','5','Leila','3485814059','lcordner4@berkeley.edu','6 Lunder Place'),
(6,'2021-11-22','365599','empty','63','78','78','TT','delivering','58','no','6','Rory','5434871553','rwilliscroft5@businessinsider.com','3066 Gerald Road'),
(7,'2022-03-30','43477','empty','83','30','75','cash','completed','35','no','7','Verge','8281918845','vpalfrie6@altervista.org','8 Garrison Trail'),
(8,'2022-06-29','586130','empty','62','60','56','TT','cancel','27','no','8','Adriena','4182786696','awestby7@so-net.ne.jp','38468 Commercial Hill'),
(9,'2022-01-13','979220','empty','3','60','24','cash','processing','72','no','9','Mordecai','2533508659','mbernardet8@twitter.com','34711 Hermina Place'),
(10,'2022-01-30','691606','empty','2','77','1','TT','delivering','98','no','10','Loutitia','2150773759','llobe9@intel.com','725 Green Pass'),
(11,'2021-11-24','573144','empty','79','29','79','cash','completed','69','no','11','Tomlin','5896956401','tdowsea@hao123.com','8319 Union Terrace'),
(12,'2022-05-27','50764','empty','16','78','28','TT','cancel','78','no','12','Twila','8149593772','tvernonb@vk.com','11 Nova Crossing'),
(13,'2021-10-25','663676','empty','86','35','54','cash','processing','71','no','13','Nell','1349470198','nkenenc@goo.ne.jp','77 Algoma Circle'),
(14,'2022-02-20','871147','empty','99','56','48','TT','delivering','73','no','14','Timmie','4086828774','tayarsd@com.com','31353 Sunfield Place'),
(15,'2022-02-23','536130','empty','5','40','99','cash','completed','17','no','15','Felipa','1368867944','fmoylere@twitter.com','929 4th Junction'),
(16,'2021-09-03','890903','empty','3','80','60','TT','cancel','3','no','16','Ferguson','2195069384','ffannf@constantcontact.com','40 Milwaukee Street'),
(17,'2022-06-05','577070','empty','18','99','70','cash','processing','58','no','17','Sandye','226379612','scubleyg@hexun.com','5212 Hoard Street'),
(18,'2022-03-11','10500','empty','79','51','48','TT','delivering','96','no','18','Marty','2510182951','mcrampinh@cnn.com','06473 Iowa Avenue'),
(19,'2022-06-16','867828','empty','36','99','91','cash','completed','77','no','19','Brena','307514005','bmclaffertyi@opera.com','4578 New Castle Place'),
(20,'2021-10-17','873278','empty','1','81','27','TT','cancel','70','no','20','Rowney','5397700711','rdamij@cyberchimps.com','62 Troy Alley'),
(21,'2022-03-08','819076','empty','52','25','96','cash','processing','10','no','21','Kienan','4506731670','kgilgrystk@sina.com.cn','6612 Melvin Plaza'),
(22,'2022-02-05','153651','empty','4','94','4','TT','delivering','47','no','22','Idalina','3689687217','iglaviasl@de.vu','5567 Donald Center'),
(23,'2022-03-28','623190','empty','90','79','63','cash','completed','23','no','23','Juliana','7644471197','jrathkem@ted.com','1711 Leroy Parkway'),
(24,'2022-02-15','93041','empty','96','57','9','TT','cancel','73','no','24','Dale','330642774','dmalleyn@weather.com','6700 Bonner Drive'),
(25,'2022-01-30','326581','empty','85','18','47','cash','processing','59','no','25','Onofredo','4220267905','owhetlando@kickstarter.com','7405 Dawn Parkway'),
(26,'2022-01-24','310531','empty','99','43','54','TT','delivering','19','no','26','Wernher','8465784094','wgafferp@biglobe.ne.jp','99 Roxbury Street'),
(27,'2022-04-11','511915','empty','18','66','30','cash','completed','31','no','27','Euell','8933572643','ebecerroq@cbslocal.com','6170 Walton Plaza'),
(28,'2022-04-23','137681','empty','60','3','24','TT','cancel','100','no','28','Claudell','7953713012','cdowardr@smh.com.au','3 Ohio Park'),
(29,'2022-04-30','567737','empty','39','85','25','cash','processing','18','no','29','Odele','837642191','ocurrans@mapy.cz','10266 Sutherland Place'),
(30,'2022-07-09','462672','empty','2','15','54','TT','delivering','79','no','30','Giselbert','6905204080','genrricot@g.co','53 Center Avenue'),
(31,'2022-06-15','503544','empty','2','97','41','cash','completed','56','no','31','Maxy','302879943','mmangeneyu@shinystat.com','03 Oriole Circle'),
(32,'2021-10-26','726795','empty','40','29','72','TT','cancel','13','no','32','Sarajane','398701563','sodayv@usnews.com','8612 8th Lane'),
(33,'2021-09-09','825388','empty','25','67','20','cash','processing','73','no','33','Lu','9998649072','lgallacherw@smugmug.com','12 Donald Avenue'),
(34,'2022-04-24','583963','empty','35','11','10','TT','delivering','4','no','34','Tammie','2571622420','treggiox@ca.gov','0 Pearson Terrace'),
(35,'2022-04-13','744749','empty','59','19','56','cash','completed','24','no','35','Kingsly','8960982016','kdanielczyky@wikimedia.org','54337 Scofield Pass'),
(36,'2022-04-30','886469','empty','3','40','70','TT','cancel','22','no','36','Pearl','5486518714','pcettellz@skyrock.com','964 Grim Circle'),
(37,'2022-08-06','875008','empty','32','30','56','cash','processing','58','no','37','Robers','1348735074','rpolack10@apple.com','0 Saint Paul Court'),
(38,'2022-01-04','555929','empty','41','77','49','TT','delivering','84','no','38','Enoch','8186320849','ebushrod11@bing.com','8151 Packers Trail'),
(39,'2022-02-23','20542','empty','58','27','72','cash','completed','5','no','39','Tye','41990951','tmcsharry12@ucla.edu','93920 Sheridan Center'),
(40,'2022-01-17','270974','empty','75','77','35','TT','cancel','58','no','40','Dotti','2049257996','deslie13@ucoz.com','7 Northview Alley'),
(41,'2021-08-23','864813','empty','64','11','89','cash','processing','14','no','41','Jobi','5702778766','jchape14@ebay.co.uk','9476 Reindahl Hill'),
(42,'2022-05-21','18823','empty','61','3','29','TT','delivering','3','no','42','Karoly','514581972','kyeend15@jugem.jp','049 Sutherland Plaza'),
(43,'2022-02-28','18388','empty','12','28','5','cash','completed','4','no','43','Dolf','1686839308','dminthorpe16@canalblog.com','5 Buell Terrace'),
(44,'2021-12-18','67211','empty','10','98','14','TT','cancel','14','no','44','Pip','7846613898','pbainton17@parallels.com','5 Kropf Park'),
(45,'2022-06-22','249570','empty','47','24','49','cash','processing','90','no','45','Robinet','1737907348','rmainstone18@amazon.co.jp','8637 Garrison Plaza'),
(46,'2022-05-23','609808','empty','28','72','35','TT','delivering','64','no','46','Ilsa','7522286107','imilthorpe19@goo.ne.jp','7021 Oak Valley Park'),
(47,'2021-10-12','331126','empty','68','5','3','cash','completed','79','no','47','Cherye','1079703934','cklammt1a@addtoany.com','8 Gulseth Court'),
(48,'2022-04-10','312202','empty','67','32','9','TT','cancel','53','no','48','Arleen','1294437240','amonck1b@quantcast.com','755 Mandrake Park'),
(49,'2021-11-25','890070','empty','20','32','84','cash','processing','47','no','49','Loleta','8889519398','llutton1c@odnoklassniki.ru','0478 Norway Maple Hill'),
(50,'2022-03-24','433027','empty','54','92','73','TT','delivering','3','no','50','Min','8205113602','mscrivenor1d@ed.gov','458 Buena Vista Pass'),
(51,'2022-03-01','517714','empty','13','4','80','cash','completed','84','no','51','Lorene','475971639','lmaciaszek1e@accuweather.com','85 Northland Place'),
(52,'2021-09-04','496302','empty','70','29','35','TT','cancel','97','no','52','Gay','9341469988','ggillott1f@hp.com','0 Caliangt Trail'),
(53,'2021-10-23','238616','empty','89','81','30','cash','processing','98','no','53','Mervin','9879719662','mtoopin1g@phoca.cz','5 Spenser Way'),
(54,'2021-10-13','131765','empty','53','30','54','TT','delivering','88','no','54','Geralda','2209212162','gblakeley1h@quantcast.com','35254 Truax Crossing'),
(55,'2022-07-25','453077','empty','6','26','14','cash','completed','82','no','55','Lion','4532755379','lspacie1i@ehow.com','918 Loeprich Road'),
(56,'2022-08-18','825995','empty','47','53','42','TT','cancel','84','no','56','Conway','692140387','cfeander1j@yandex.ru','38671 Namekagon Way'),
(57,'2022-01-30','544601','empty','33','66','25','cash','processing','38','no','57','Ally','2097650872','akeddy1k@ask.com','28 Susan Junction'),
(58,'2021-12-11','235847','empty','4','59','2','TT','delivering','95','no','58','Sebastiano','2886042129','sbonney1l@bigcartel.com','3681 Goodland Park'),
(59,'2022-07-13','119520','empty','7','49','65','cash','completed','19','no','59','Maxine','6667998182','mscreas1m@technorati.com','9 Coolidge Plaza'),
(60,'2022-01-08','650240','empty','48','51','60','TT','cancel','6','no','60','Lorilee','2773911202','lnavein1n@domainmarket.com','963 Muir Drive'),
(61,'2022-08-02','475210','empty','94','34','82','cash','processing','8','no','61','Nicoli','2576865658','nmaund1o@gov.uk','9870 Roth Street'),
(62,'2021-11-27','927898','empty','92','48','56','TT','delivering','24','no','62','Mendy','7893382864','mtreadgear1p@webmd.com','127 Farwell Way'),
(63,'2022-07-03','174833','empty','32','87','52','cash','completed','57','no','63','Spencer','5754491247','seaves1q@sciencedaily.com','20 Hovde Avenue'),
(64,'2022-07-09','265891','empty','32','16','17','TT','cancel','42','no','64','Lewiss','8792228755','lfantini1r@delicious.com','11108 Fuller Center'),
(65,'2022-03-15','207738','empty','93','69','52','cash','processing','84','no','65','Odelinda','6701994105','opaprotny1s@slashdot.org','14 Coolidge Court'),
(66,'2022-05-08','891729','empty','23','63','86','TT','delivering','92','no','66','Toddie','2629172902','tpaolazzi1t@slideshare.net','0 Lien Trail'),
(67,'2021-12-19','491618','empty','89','82','33','cash','completed','61','no','67','Belicia','3731247461','bpietrzak1u@bizjournals.com','17379 Pennsylvania Street'),
(68,'2022-05-21','309189','empty','84','63','76','TT','cancel','67','no','68','Sharia','4014602923','scochet1v@epa.gov','22503 Ruskin Road'),
(69,'2022-02-14','632441','empty','8','9','55','cash','processing','8','no','69','Wilmar','4014937224','wcabotto1w@blinklist.com','803 Artisan Drive'),
(70,'2022-06-08','737031','empty','21','98','41','TT','delivering','20','no','70','Mellisent','3000199926','mvitte1x@fema.gov','731 Blackbird Plaza'),
(71,'2022-07-02','839917','empty','24','54','34','cash','completed','73','no','71','Arther','5464286780','ascase1y@comsenz.com','1124 Novick Center'),
(72,'2021-08-25','989546','empty','87','98','95','TT','cancel','1','no','72','Kacie','524747458','kyarnton1z@ameblo.jp','86619 2nd Parkway'),
(73,'2021-09-17','15159','empty','83','77','66','cash','processing','64','no','73','Shelly','5921408603','sfilippyev20@uol.com.br','3 Mariners Cove Pass'),
(74,'2022-07-09','893982','empty','5','66','9','TT','delivering','13','no','74','Tara','9595403849','tsacase21@multiply.com','220 Red Cloud Way'),
(75,'2022-04-07','226310','empty','10','22','99','cash','completed','28','no','75','Benedict','4738027662','bferrero22@delicious.com','0 Annamark Point'),
(76,'2021-12-19','480524','empty','55','54','36','TT','cancel','34','no','76','Robbert','8814039984','redie23@nifty.com','64046 Esch Parkway'),
(77,'2022-02-22','330522','empty','44','73','26','cash','processing','92','no','77','Perry','193445','pperrett24@blogspot.com','42 Huxley Court'),
(78,'2021-09-06','454313','empty','48','24','85','TT','delivering','63','no','78','Rahal','8842999741','rfaithorn25@parallels.com','92116 Judy Lane'),
(79,'2021-09-29','922626','empty','81','2','66','cash','completed','57','no','79','Randa','1366636759','rgordge26@exblog.jp','601 Crescent Oaks Center'),
(80,'2021-11-18','152365','empty','41','95','84','TT','cancel','49','no','80','Mata','1112495916','mreekie27@dailymotion.com','505 Springview Hill'),
(81,'2021-12-22','512675','empty','62','98','7','cash','processing','18','no','81','Marilyn','8270588555','mjoao28@eepurl.com','18389 Pearson Circle'),
(82,'2022-05-09','600477','empty','11','34','90','TT','delivering','66','no','82','Tucker','472917129','treisen29@tuttocitta.it','14 Kensington Lane'),
(83,'2022-07-23','62218','empty','9','2','68','cash','completed','18','no','83','Cori','1185634045','cstudman2a@usgs.gov','3426 Pepper Wood Hill'),
(84,'2022-02-01','259108','empty','94','61','5','TT','cancel','96','no','84','Ulrika','5985329097','ucamolli2b@tinyurl.com','08 Rockefeller Trail'),
(85,'2022-05-22','965720','empty','36','56','21','cash','processing','46','no','85','Christophe','6843561780','cstrangward2c@yellowbook.com','3895 Oak Point'),
(86,'2022-05-24','79476','empty','88','6','52','TT','delivering','19','no','86','Marcellus','1590747895','mbonds2d@mtv.com','6342 Delladonna Court'),
(87,'2021-12-30','701771','empty','46','90','77','cash','completed','64','no','87','Mirabella','2881484131','mpedrick2e@harvard.edu','7125 Nancy Alley'),
(88,'2022-03-29','267685','empty','68','67','6','TT','cancel','88','no','88','Taite','3234684847','tdibbe2f@samsung.com','7 Hooker Parkway'),
(89,'2022-07-02','131419','empty','60','95','53','cash','processing','3','no','89','Mitchael','2273434413','mfarquharson2g@google.it','8847 Pond Lane'),
(90,'2022-07-16','17596','empty','100','60','22','TT','delivering','49','no','90','Herculie','3926021527','hhowison2h@wikimedia.org','69448 Mosinee Way'),
(91,'2022-03-13','426767','empty','15','94','90','cash','completed','27','no','91','Vin','2877654141','vharman2i@scribd.com','1 Rigney Junction'),
(92,'2022-06-07','563033','empty','1','17','58','TT','cancel','62','no','92','Carroll','5004897085','ckiendl2j@twitter.com','72 Ronald Regan Point'),
(93,'2022-02-21','641277','empty','56','42','32','cash','processing','85','no','93','Sebastiano','5128893456','sitzak2k@is.gd','6760 Warner Court'),
(94,'2022-03-07','436234','empty','66','72','59','TT','delivering','49','no','94','Nicolea','9299453659','nchidwick2l@boston.com','47890 Algoma Alley'),
(95,'2021-11-30','739243','empty','52','97','63','cash','completed','97','no','95','Anna','3447093080','avannoort2m@list-manage.com','833 Lighthouse Bay Terrace'),
(96,'2022-02-12','307901','empty','65','3','53','TT','cancel','81','no','96','Hermina','9824242481','hmelling2n@mlb.com','130 Northwestern Trail'),
(97,'2022-07-21','470931','empty','81','36','35','cash','processing','26','no','97','Lurette','8650927289','lgerardi2o@360.cn','09 Bobwhite Court'),
(98,'2022-05-02','699973','empty','60','69','47','TT','delivering','93','no','98','Karly','616831145','kklimushev2p@t-online.de','1 Melrose Street'),
(99,'2021-09-26','511413','empty','44','3','25','cash','completed','39','no','99','Cheryl','7814095255','ctod2q@eventbrite.com','98669 Pennsylvania Park'),
(100,'2022-08-04','486661','empty','94','90','59','TT','cancel','44','no','100','Geoffry','227353935','gpea2r@wordpress.org','14730 Meadow Vale Road');

insert into user_address values (1,'26 Susan Trail',54),
(2,'36231 Sunnyside Pass',13),
(3,'1700 Gale Court',25),
(4,'8497 Mayfield Way',54),
(5,'6 Lunder Place',91),
(6,'3066 Gerald Road',58),
(7,'8 Garrison Trail',35),
(8,'38468 Commercial Hill',27),
(9,'34711 Hermina Place',72),
(10,'725 Green Pass',98),
(11,'8319 Union Terrace',69),
(12,'11 Nova Crossing',78),
(13,'77 Algoma Circle',71),
(14,'31353 Sunfield Place',73),
(15,'929 4th Junction',17),
(16,'40 Milwaukee Street',3),
(17,'5212 Hoard Street',58),
(18,'06473 Iowa Avenue',96),
(19,'4578 New Castle Place',77),
(20,'62 Troy Alley',70),
(21,'6612 Melvin Plaza',10),
(22,'5567 Donald Center',47),
(23,'1711 Leroy Parkway',23),
(24,'6700 Bonner Drive',73),
(25,'7405 Dawn Parkway',59),
(26,'99 Roxbury Street',19),
(27,'6170 Walton Plaza',31),
(28,'3 Ohio Park',100),
(29,'10266 Sutherland Place',18),
(30,'53 Center Avenue',79),
(31,'03 Oriole Circle',56),
(32,'8612 8th Lane',13),
(33,'12 Donald Avenue',73),
(34,'0 Pearson Terrace',4),
(35,'54337 Scofield Pass',24),
(36,'964 Grim Circle',22),
(37,'0 Saint Paul Court',58),
(38,'8151 Packers Trail',84),
(39,'93920 Sheridan Center',5),
(40,'7 Northview Alley',58),
(41,'9476 Reindahl Hill',14),
(42,'049 Sutherland Plaza',3),
(43,'5 Buell Terrace',4),
(44,'5 Kropf Park',14),
(45,'8637 Garrison Plaza',90),
(46,'7021 Oak Valley Park',64),
(47,'8 Gulseth Court',79),
(48,'755 Mandrake Park',53),
(49,'0478 Norway Maple Hill',47),
(50,'458 Buena Vista Pass',3),
(51,'85 Northland Place',84),
(52,'0 Caliangt Trail',97),
(53,'5 Spenser Way',98),
(54,'35254 Truax Crossing',88),
(55,'918 Loeprich Road',82),
(56,'38671 Namekagon Way',84),
(57,'28 Susan Junction',38),
(58,'3681 Goodland Park',95),
(59,'9 Coolidge Plaza',19),
(60,'963 Muir Drive',6),
(61,'9870 Roth Street',8),
(62,'127 Farwell Way',24),
(63,'20 Hovde Avenue',57),
(64,'11108 Fuller Center',42),
(65,'14 Coolidge Court',84),
(66,'0 Lien Trail',92),
(67,'17379 Pennsylvania Street',61),
(68,'22503 Ruskin Road',67),
(69,'803 Artisan Drive',8),
(70,'731 Blackbird Plaza',20),
(71,'1124 Novick Center',73),
(72,'86619 2nd Parkway',1),
(73,'3 Mariners Cove Pass',64),
(74,'220 Red Cloud Way',13),
(75,'0 Annamark Point',28),
(76,'64046 Esch Parkway',34),
(77,'42 Huxley Court',92),
(78,'92116 Judy Lane',63),
(79,'601 Crescent Oaks Center',57),
(80,'505 Springview Hill',49),
(81,'18389 Pearson Circle',18),
(82,'14 Kensington Lane',66),
(83,'3426 Pepper Wood Hill',18),
(84,'08 Rockefeller Trail',96),
(85,'3895 Oak Point',46),
(86,'6342 Delladonna Court',19),
(87,'7125 Nancy Alley',64),
(88,'7 Hooker Parkway',88),
(89,'8847 Pond Lane',3),
(90,'69448 Mosinee Way',49),
(91,'1 Rigney Junction',27),
(92,'72 Ronald Regan Point',62),
(93,'6760 Warner Court',85),
(94,'47890 Algoma Alley',49),
(95,'833 Lighthouse Bay Terrace',97),
(96,'130 Northwestern Trail',81),
(97,'09 Bobwhite Court',26),
(98,'1 Melrose Street',93),
(99,'98669 Pennsylvania Park',39),
(100,'14730 Meadow Vale Road',44);

insert into colorsofproduct values (1,'#FF0000',23),
(2,'#00FFFF',73),
(3,'#0000FF',59),
(4,'#00008B',19),
(5,'#ADD8E6',31),
(6,'#800080',100),
(7,'#FFFF00',18),
(8,'#00FF00',79),
(9,'#FF00FF',56),
(10,'#FFC0CB',13),
(11,'#FFFFFF',73),
(12,'#C0C0C0',4),
(13,'#808080',24),
(14,'#000000',22),
(15,'#FFA500',58),
(16,'#A52A2A',84),
(17,'#800000',5),
(18,'#008000',58),
(19,'#808000',14),
(20,'#7FFD4',3);

insert into imagesproducts values (1,'CubiliaCurae.pdf',99),
(2,'SitAmetTurpis.ppt',42),
(3,'VitaeConsectetuerEget.avi',36),
(4,'JustoEu.ppt',47),
(5,'AugueQuam.mp3',86),
(6,'QuisqueIdJusto.ppt',27),
(7,'TortorIdNulla.mp3',33),
(8,'HendreritAt.mp3',83),
(9,'Consequat.mpeg',74),
(10,'ConsequatIn.avi',100),
(11,'LectusVestibulum.gif',12),
(12,'Tempus.ppt',43),
(13,'Id.doc',61),
(14,'QuamTurpis.xls',48),
(15,'NonInterdumIn.jpeg',24),
(16,'MaurisUllamcorperPurus.avi',76),
(17,'EtCommodo.jpeg',77),
(18,'Praesent.jpeg',10),
(19,'Ut.xls',80),
(20,'EratErosViverra.png',7),
(21,'Augue.avi',24),
(22,'VestibulumSed.avi',67),
(23,'VelSem.xls',6),
(24,'Non.avi',3),
(25,'JustoEu.txt',70),
(26,'Nulla.png',43),
(27,'Quis.jpeg',17),
(28,'Elit.txt',50),
(29,'Varius.mpeg',28),
(30,'PhasellusId.txt',10),
(31,'AtVulputateVitae.gif',6),
(32,'At.xls',3),
(33,'Eget.avi',6),
(34,'TurpisNec.xls',41),
(35,'Quam.pdf',67),
(36,'FaucibusOrciLuctus.avi',100),
(37,'Sapien.xls',21),
(38,'AliquamErat.doc',83),
(39,'DolorQuis.avi',31),
(40,'QuisqueId.avi',88),
(41,'Viverra.xls',54),
(42,'NuncNislDuis.avi',40),
(43,'OdioCondimentum.avi',94),
(44,'AmetEratNulla.avi',43),
(45,'VelEnim.mpeg',40),
(46,'Sit.xls',58),
(47,'Dolor.mov',46),
(48,'PedeUllamcorper.mp3',64),
(49,'HacHabitassePlatea.xls',68),
(50,'Pede.ppt',83);

insert into sizesproduct values (1,150,3),(2,250,8),(3,7,4),(4,10,6),(5,500,100),(6,1000,90);
