id,quantity,price,order_id,product_id,,
1,49,7529848,69,57,,"(1,49,7529848,69,57),"
2,69,7744492,79,25,,"(2,69,7744492,79,25),"
3,41,3351979,37,15,,"(3,41,3351979,37,15),"
4,58,3186275,98,60,,"(4,58,3186275,98,60),"
5,17,8711936,18,61,,"(5,17,8711936,18,61),"
6,68,233886,99,51,,"(6,68,233886,99,51),"
7,87,7080792,75,1,,"(7,87,7080792,75,1),"
8,94,7312313,56,3,,"(8,94,7312313,56,3),"
9,47,3528539,60,79,,"(9,47,3528539,60,79),"
10,6,3272686,5,55,,"(10,6,3272686,5,55),"
11,15,5334800,4,100,,"(11,15,5334800,4,100),"
12,81,1061973,84,54,,"(12,81,1061973,84,54),"
13,4,8512956,82,89,,"(13,4,8512956,82,89),"
14,96,3889490,30,47,,"(14,96,3889490,30,47),"
15,57,2777932,93,32,,"(15,57,2777932,93,32),"
16,29,6675018,86,66,,"(16,29,6675018,86,66),"
17,64,3138715,79,13,,"(17,64,3138715,79,13),"
18,86,6913125,11,43,,"(18,86,6913125,11,43),"
19,13,5409711,85,53,,"(19,13,5409711,85,53),"
20,9,6885415,80,80,,"(20,9,6885415,80,80),"
21,64,1286760,65,67,,"(21,64,1286760,65,67),"
22,94,4837271,38,41,,"(22,94,4837271,38,41),"
23,46,3067760,15,16,,"(23,46,3067760,15,16),"
24,42,1867830,41,22,,"(24,42,1867830,41,22),"
25,19,9948452,10,89,,"(25,19,9948452,10,89),"
26,99,9295350,78,17,,"(26,99,9295350,78,17),"
27,76,1156105,45,57,,"(27,76,1156105,45,57),"
28,97,2719024,31,35,,"(28,97,2719024,31,35),"
29,88,8525823,53,100,,"(29,88,8525823,53,100),"
30,26,7721553,31,4,,"(30,26,7721553,31,4),"
31,16,7644578,13,91,,"(31,16,7644578,13,91),"
32,37,5462275,11,97,,"(32,37,5462275,11,97),"
33,69,1876712,38,39,,"(33,69,1876712,38,39),"
34,45,4378982,23,89,,"(34,45,4378982,23,89),"
35,72,7918180,62,60,,"(35,72,7918180,62,60),"
36,17,1238008,41,95,,"(36,17,1238008,41,95),"
37,88,8388762,40,49,,"(37,88,8388762,40,49),"
38,32,4137629,28,31,,"(38,32,4137629,28,31),"
39,68,8701383,14,88,,"(39,68,8701383,14,88),"
40,64,1313342,77,1,,"(40,64,1313342,77,1),"
41,73,1774549,22,32,,"(41,73,1774549,22,32),"
42,64,983879,41,59,,"(42,64,983879,41,59),"
43,35,1704248,70,2,,"(43,35,1704248,70,2),"
44,45,401496,10,29,,"(44,45,401496,10,29),"
45,84,6304328,64,50,,"(45,84,6304328,64,50),"
46,34,6966207,98,37,,"(46,34,6966207,98,37),"
47,9,2866694,95,2,,"(47,9,2866694,95,2),"
48,73,5315834,23,81,,"(48,73,5315834,23,81),"
49,20,4573326,70,44,,"(49,20,4573326,70,44),"
50,64,6938203,19,24,,"(50,64,6938203,19,24),"
51,77,8010969,69,79,,"(51,77,8010969,69,79),"
52,45,6577088,72,94,,"(52,45,6577088,72,94),"
53,91,2088058,19,31,,"(53,91,2088058,19,31),"
54,70,6081366,87,94,,"(54,70,6081366,87,94),"
55,57,5142464,24,53,,"(55,57,5142464,24,53),"
56,13,3464191,20,19,,"(56,13,3464191,20,19),"
57,79,5997090,96,82,,"(57,79,5997090,96,82),"
58,11,1311877,88,93,,"(58,11,1311877,88,93),"
59,34,4542672,39,37,,"(59,34,4542672,39,37),"
60,77,2746159,4,34,,"(60,77,2746159,4,34),"
61,89,4612498,84,96,,"(61,89,4612498,84,96),"
62,85,5693739,69,98,,"(62,85,5693739,69,98),"
63,36,8396980,44,43,,"(63,36,8396980,44,43),"
64,5,7642253,55,54,,"(64,5,7642253,55,54),"
65,48,9786616,33,80,,"(65,48,9786616,33,80),"
66,56,4014438,44,94,,"(66,56,4014438,44,94),"
67,75,1819100,13,24,,"(67,75,1819100,13,24),"
68,53,1365693,100,48,,"(68,53,1365693,100,48),"
69,26,2436775,52,10,,"(69,26,2436775,52,10),"
70,7,7765348,78,94,,"(70,7,7765348,78,94),"
71,13,486739,60,99,,"(71,13,486739,60,99),"
72,73,9480262,2,66,,"(72,73,9480262,2,66),"
73,24,1431122,87,46,,"(73,24,1431122,87,46),"
74,7,4734766,38,96,,"(74,7,4734766,38,96),"
75,65,3276519,57,29,,"(75,65,3276519,57,29),"
76,12,5575323,95,54,,"(76,12,5575323,95,54),"
77,62,7655988,28,30,,"(77,62,7655988,28,30),"
78,23,5937375,55,75,,"(78,23,5937375,55,75),"
79,19,4218637,37,55,,"(79,19,4218637,37,55),"
80,85,6402523,72,55,,"(80,85,6402523,72,55),"
81,99,9315302,49,2,,"(81,99,9315302,49,2),"
82,33,1233740,73,85,,"(82,33,1233740,73,85),"
83,25,32824,87,83,,"(83,25,32824,87,83),"
84,6,546731,38,63,,"(84,6,546731,38,63),"
85,35,2035400,64,7,,"(85,35,2035400,64,7),"
86,3,6563708,11,24,,"(86,3,6563708,11,24),"
87,48,7988682,1,73,,"(87,48,7988682,1,73),"
88,38,7035474,13,70,,"(88,38,7035474,13,70),"
89,41,7983254,23,68,,"(89,41,7983254,23,68),"
90,49,6612489,93,30,,"(90,49,6612489,93,30),"
91,99,9793765,17,7,,"(91,99,9793765,17,7),"
92,53,9789784,20,43,,"(92,53,9789784,20,43),"
93,28,15268,82,86,,"(93,28,15268,82,86),"
94,93,4931079,45,25,,"(94,93,4931079,45,25),"
95,77,553144,65,75,,"(95,77,553144,65,75),"
96,94,6884987,45,13,,"(96,94,6884987,45,13),"
97,2,8389360,2,96,,"(97,2,8389360,2,96),"
98,48,2168734,13,48,,"(98,48,2168734,13,48),"
99,17,2830052,31,56,,"(99,17,2830052,31,56),"
100,28,6179991,14,91,,"(100,28,6179991,14,91),"
